rank,channel_id,channel_name,channel_url,subscribers,video_count,country,classification,latest_video_id,latest_video_title,latest_video_thumbnail,latest_video_published_at,latest_video_duration_sec,generated_at_utc
1,UChBQgieUidXV1CmDxSdRm3g,Citizen TV Kenya,https://www.youtube.com/channel/UChBQgieUidXV1CmDxSdRm3g,6330000,211537,KE,other,wbMFOVBt0M4,| UKUMBI | Darubini ya uchumi 2026 [ Part 4 ],https://i.ytimg.com/vi/wbMFOVBt0M4/mqdefault.jpg,2026-01-26T09:40:37Z,1209,2026-01-26T09:51:42Z
2,UCqBJ47FjJcl61fmSbcadAVg,NTV Kenya,https://www.youtube.com/channel/UCqBJ47FjJcl61fmSbcadAVg,3050000,119702,KE,other,Yb4ZnftkR5Y,There's A Lot of Confusion In Western Kenya | Peter Salasya,https://i.ytimg.com/vi/Yb4ZnftkR5Y/mqdefault.jpg,2026-01-26T07:09:27Z,3014,2026-01-26T09:51:42Z
3,UCa2gldA2ivhzMwIJRA5683w,Lynn Ngugi,https://www.youtube.com/channel/UCa2gldA2ivhzMwIJRA5683w,1460000,584,KE,other,srmA4sswcdw,Looking For Land in Matuu? Own This Great Property By Golden Dreams Land&Properties Ltd For Ksh.650K,https://i.ytimg.com/vi/srmA4sswcdw/mqdefault.jpg,2026-01-24T07:00:46Z,1457,2026-01-26T09:51:42Z
4,UCl6ICaB9meBcSMQ5Zmr446g,Tuko / Tuco - Kenya,https://www.youtube.com/channel/UCl6ICaB9meBcSMQ5Zmr446g,1190000,2073,KE,other,GRye1mcz_lI,"My husband introduced me to fake relatives, stole my business and ran away | Tuko TV",https://i.ytimg.com/vi/GRye1mcz_lI/mqdefault.jpg,2026-01-26T05:59:33Z,5042,2026-01-26T09:51:42Z
5,UCJvhxJf8-Bne99uzuQpFIpg,Dr. King'ori (Felixe JaSiaya),https://www.youtube.com/channel/UCJvhxJf8-Bne99uzuQpFIpg,708000,1120,KE,other,2Q3iDIGFKu0,Making Money Vs Keeping Money || Odhiambo Ramogi,https://i.ytimg.com/vi/2Q3iDIGFKu0/mqdefault.jpg,2026-01-25T11:00:03Z,6039,2026-01-26T09:51:42Z
6,UCiXj0BfxM0WQGFr9mxdR0qg,Crazy Kennar,https://www.youtube.com/channel/UCiXj0BfxM0WQGFr9mxdR0qg,693000,641,KE,other,cCFzLHJ8YcE,"I Hired A Stranger To Run My Business For 1 Hour And Win Ksh 10,000",https://i.ytimg.com/vi/cCFzLHJ8YcE/mqdefault.jpg,2026-01-22T09:15:07Z,1373,2026-01-26T09:51:42Z
7,UCUhrpGr_luwUzVaxiW5Jkhw,Switch TV,https://www.youtube.com/channel/UCUhrpGr_luwUzVaxiW5Jkhw,669000,8201,KE,other,rZIPYLaHvWY,Hooked on Hustling ‚Äì Life as a Workaholic | DW's Hooked,https://i.ytimg.com/vi/rZIPYLaHvWY/mqdefault.jpg,2026-01-21T13:35:13Z,,2026-01-26T09:51:42Z
8,UC_9xRXWjRrz_Jy7SWhUnBBw,Obinna TV Extra,https://www.youtube.com/channel/UC_9xRXWjRrz_Jy7SWhUnBBw,658000,1895,KE,other,HmoS3rEO6Xg,WARNING ‚ö†Ô∏è MAGICIAN EATS IRON WITH NO FEAR ,https://i.ytimg.com/vi/HmoS3rEO6Xg/mqdefault.jpg,2026-01-24T07:00:06Z,1436,2026-01-26T09:51:42Z
9,UCZ6r5PvXtieU9L0B2vh_ekg,Kenya Diaspora Media USA,https://www.youtube.com/channel/UCZ6r5PvXtieU9L0B2vh_ekg,528000,5054,US,other,4Wb0xsdJsA8,TEARS OF JOY AS THIS OLD PARENTS LIVING IN DESERT RECEIVES THEIR NEW HOMES .TEN HOUSES  DONATED ,https://i.ytimg.com/vi/4Wb0xsdJsA8/mqdefault.jpg,2026-01-26T06:35:06Z,3870,2026-01-26T09:51:42Z
10,UCMD-JmezXoQiV9PiWLwVpGQ,Presenter Ali,https://www.youtube.com/channel/UCMD-JmezXoQiV9PiWLwVpGQ,512000,1951,KE,other,5cbW7jwC9z0,THE BEST TRADING INDICATOR FOR SCALPERS! OVER 90% WIN RATE! ,https://i.ytimg.com/vi/5cbW7jwC9z0/mqdefault.jpg,2026-01-20T09:00:08Z,2584,2026-01-26T09:51:42Z
11,UCZD5OZHEyYG60lF8SBh_JVQ,Dee Mwango,https://www.youtube.com/channel/UCZD5OZHEyYG60lF8SBh_JVQ,471000,1352,GB,other,oY53h9wZDIY,It's my big day today !! ü§ó Good news,https://i.ytimg.com/vi/oY53h9wZDIY/mqdefault.jpg,2026-01-25T22:28:21Z,4291,2026-01-26T09:51:42Z
12,UCYzjsXNjQSkb-dgNTMhrvmA,Vidollar,https://www.youtube.com/channel/UCYzjsXNjQSkb-dgNTMhrvmA,335000,227,KE,other,zfTnbTysNVQ,Monday Motion  With Vidollar. [Forex Live Trading],https://i.ytimg.com/vi/zfTnbTysNVQ/mqdefault_live.jpg,2026-01-24T12:09:11Z,,2026-01-26T09:51:42Z
13,UC9cLBl4oAojA7oEMR6T-tpQ,THEE ALFA HOUSE,https://www.youtube.com/channel/UC9cLBl4oAojA7oEMR6T-tpQ,327000,1459,US,other,fmdEgoOT4kI,Trump to buy Greenland| President Museveni‚Äôs unruly son Muhoozi| Winnie Odinga vs Oburu Odinga,https://i.ytimg.com/vi/fmdEgoOT4kI/mqdefault.jpg,2026-01-24T07:00:06Z,1253,2026-01-26T09:51:42Z
14,UChQXn6sL9ENIpA74qqPG1HA,3MenArmy Kenya,https://www.youtube.com/channel/UChQXn6sL9ENIpA74qqPG1HA,310000,907,KE,other,FE6rXCjaGDE,The97sPodcast Episode 24 - DaYStaR‚úÖ,https://i.ytimg.com/vi/FE6rXCjaGDE/mqdefault.jpg,2026-01-19T16:45:06Z,3682,2026-01-26T09:51:42Z
15,UCsURxs8Kz_qzezpicj-STyw,Capital FM Kenya,https://www.youtube.com/channel/UCsURxs8Kz_qzezpicj-STyw,291000,8144,KE,other,M1bLiATXv3Q,KCB BACK TO SCHOOL CAMPAIGN,https://i.ytimg.com/vi/M1bLiATXv3Q/mqdefault.jpg,2026-01-22T17:43:32Z,1174,2026-01-26T09:51:42Z
16,UCSVT1XTcae5Flp94OODu4mw,The Obinnaz,https://www.youtube.com/channel/UCSVT1XTcae5Flp94OODu4mw,252000,1409,KE,other,M9ARqJNHjss,THIS BLINDFOLD CHALLENGE GOT COMPETITIVE | Leurone vs Brianna,https://i.ytimg.com/vi/M9ARqJNHjss/mqdefault.jpg,2026-01-21T15:00:06Z,754,2026-01-26T09:51:42Z
17,UCfdQZXHsR1L2g4jDrMmVMTw,As Told By Kenya,https://www.youtube.com/channel/UCfdQZXHsR1L2g4jDrMmVMTw,233000,181,US,other,mzkcKw-0nso,I'm Sick and Tired of These Hairstylist,https://i.ytimg.com/vi/mzkcKw-0nso/mqdefault.jpg,2026-01-19T02:08:52Z,1521,2026-01-26T09:51:42Z
18,UCEMsE6ZgO2sYnFBGxQK9vPA,Riba,https://www.youtube.com/channel/UCEMsE6ZgO2sYnFBGxQK9vPA,232000,335,KE,other,tMiBgDAr3tE,"NEW SHOW ALERT üö® RIBA with Obinna, Dappaman & Pamela | RIBA S1 EP 1",https://i.ytimg.com/vi/tMiBgDAr3tE/mqdefault.jpg,2026-01-21T12:00:06Z,6065,2026-01-26T09:51:42Z
19,UC5h4-WH0LAV4CWs380yM33A,Iko Nini Podcast,https://www.youtube.com/channel/UC5h4-WH0LAV4CWs380yM33A,229000,5324,KE,podcast,IVKOYNQlV10,"BRUCE MELODIE: Rwanda vs Kenya, Working with DIAMOND, BIEN & KHALI!",https://i.ytimg.com/vi/IVKOYNQlV10/mqdefault.jpg,2026-01-26T07:00:11Z,4007,2026-01-26T09:51:42Z
20,UCD-Mf4F5ZQ1Jw-nb2gqD1mw,Engage Talk,https://www.youtube.com/channel/UCD-Mf4F5ZQ1Jw-nb2gqD1mw,214000,948,KE,other,GMNxLRfW7WU,Rolling With The Punches - Oliver Waindi,https://i.ytimg.com/vi/GMNxLRfW7WU/mqdefault.jpg,2026-01-21T09:02:02Z,2592,2026-01-26T09:51:42Z
21,UC0TE05OrYR429hUrbjeK4ig,Susan Wanjiku,https://www.youtube.com/channel/UC0TE05OrYR429hUrbjeK4ig,204000,177,KE,other,SioO62RgA30,I‚Äôm Finally Saying This Out Loud | A Raw Reflection on 2025!,https://i.ytimg.com/vi/SioO62RgA30/mqdefault.jpg,2025-12-26T10:00:51Z,3122,2026-01-26T09:51:42Z
22,UCNlqMU1drfsfidiPT_hHNkQ,Hot 96 FM,https://www.youtube.com/channel/UCNlqMU1drfsfidiPT_hHNkQ,202000,4528,KE,other,fe4_rniuTdU,''Ruto Must Give Gachagua Protection'' - Jeremiah Kioni,https://i.ytimg.com/vi/fe4_rniuTdU/mqdefault.jpg,2026-01-25T17:45:17Z,1980,2026-01-26T09:51:42Z
23,UCcs_Wg2z1Dx0kZMqp_vQVPw,Kenyan Magazine TV ,https://www.youtube.com/channel/UCcs_Wg2z1Dx0kZMqp_vQVPw,201000,4233,KE,other,8rkJyssopoo,LIVEüî¥President Ruto to Address The Nation after Gachagua was Attacked Yesterday in Othaya,https://i.ytimg.com/vi/8rkJyssopoo/mqdefault_live.jpg,2026-01-26T07:16:12Z,,2026-01-26T09:51:42Z
24,UCd5mKY1HUcDBySXgK1lYUvg,Radio Citizen,https://www.youtube.com/channel/UCd5mKY1HUcDBySXgK1lYUvg,197000,3711,KE,other,RXnZNp7WCu8,"The only party that can take on UDA is Jubilee. - Jeremiah Kioni, Deputy Party Leader Jubilee",https://i.ytimg.com/vi/RXnZNp7WCu8/mqdefault.jpg,2026-01-24T10:32:05Z,2963,2026-01-26T09:51:42Z
25,UCAvd919a1ibeG5cp5QtwXOw,Shared Moments with Justus,https://www.youtube.com/channel/UCAvd919a1ibeG5cp5QtwXOw,174000,796,KE,other,UN6sZBaa9f0,One Dark Day that Robbed 13 Years of My Life | Janet Wamaitha Shared Moments,https://i.ytimg.com/vi/UN6sZBaa9f0/mqdefault.jpg,2026-01-21T17:00:07Z,5819,2026-01-26T09:51:42Z
26,UC6fVFxrbf0HDRW3B2mdWFGA,TMI Podcast KE,https://www.youtube.com/channel/UC6fVFxrbf0HDRW3B2mdWFGA,150000,428,KE,podcast,hsaHbBoc7rQ,From the Peaks to the Pits...Our 2025 Recap | Episode 203,https://i.ytimg.com/vi/hsaHbBoc7rQ/mqdefault.jpg,2025-11-26T09:01:11Z,5128,2026-01-26T09:51:42Z
27,UCE3KVkSH1GwUtAAMcVcJ3QQ,UpSyd Digital Networks,https://www.youtube.com/channel/UCE3KVkSH1GwUtAAMcVcJ3QQ,149000,821,KE,other,qN7xFE_VWw0,MIC CHEQUE PODCAST | Episode 327 | Wasanii dead beat Feat. COLLO BLUE,https://i.ytimg.com/vi/qN7xFE_VWw0/mqdefault.jpg,2026-01-25T06:00:07Z,8410,2026-01-26T09:51:42Z
28,UCRkaMwkZdDO4-SPwMPJo4ag,ALEX MWAKIDEU TV ,https://www.youtube.com/channel/UCRkaMwkZdDO4-SPwMPJo4ag,107000,124,KE,other,YujgjjIXUwg,EP 43 || KHALIF Kairo || FIGHT AND WIN OR LOOOSE AND DIE,https://i.ytimg.com/vi/YujgjjIXUwg/mqdefault.jpg,2026-01-24T09:00:58Z,3660,2026-01-26T09:51:42Z
29,UCE0YXdRyT9WC96KZfn7C9mQ,Ramogi TV Kenya,https://www.youtube.com/channel/UCE0YXdRyT9WC96KZfn7C9mQ,102000,33983,KE,other,cOUGqWvQzvs,RAMOGITVLIVE | #RuuPiny / #MbakaOromo | 26/01/2026,https://i.ytimg.com/vi/cOUGqWvQzvs/mqdefault.jpg,2026-01-26T08:03:40Z,9914,2026-01-26T09:51:42Z
30,UC4mbONFfAIvBwPRIz8YxVTA,Kenyan Beast,https://www.youtube.com/channel/UC4mbONFfAIvBwPRIz8YxVTA,100000,1590,KE,other,ukavAzJMjzQ,Black People Hold White America Hostage,https://i.ytimg.com/vi/ukavAzJMjzQ/mqdefault.jpg,2026-01-26T01:01:08Z,1869,2026-01-26T09:51:42Z
31,UCrxSe4ecTNMqjB23JafageA,The Kenyan American Home,https://www.youtube.com/channel/UCrxSe4ecTNMqjB23JafageA,92500,743,US,other,Gd-cOgkbkF4,Tuesday Check in 35,https://i.ytimg.com/vi/Gd-cOgkbkF4/mqdefault.jpg,2025-12-30T21:17:01Z,11744,2026-01-26T09:51:42Z
32,UCC6P9Nqx97TEvkct5ZfeMIA,Kenyan Daily Report Tv,https://www.youtube.com/channel/UCC6P9Nqx97TEvkct5ZfeMIA,84500,3013,KE,other,vkyRZlHSbEc,GACHAGUAS BIG WIN: As Mandera North Mp Is Heckled By Genzs  For Attacking Gachagua In Northern Kenya,https://i.ytimg.com/vi/vkyRZlHSbEc/mqdefault.jpg,2026-01-25T19:28:52Z,1426,2026-01-26T09:51:42Z
33,UCCjULCQvh2cQQLzYe4DC2Nw,The Joy Ride,https://www.youtube.com/channel/UCCjULCQvh2cQQLzYe4DC2Nw,81400,244,,other,k_7w0yuAkho,SSN 8 Ep 11:  I Am Who I Am (Mimi Hukuwa Tu Hivyo),https://i.ytimg.com/vi/k_7w0yuAkho/mqdefault.jpg,2025-11-13T07:00:06Z,3829,2026-01-26T09:51:42Z
34,UCjSpvbZM2B9dzDDq2caHTeQ,Corporate Staffing Services Kenya,https://www.youtube.com/channel/UCjSpvbZM2B9dzDDq2caHTeQ,55600,452,KE,interview,e-Tu7uxb4eA,3 Interview Red Flags Recruiters Notice in the First 60 Seconds,https://i.ytimg.com/vi/e-Tu7uxb4eA/mqdefault.jpg,2025-11-17T09:52:53Z,678,2026-01-26T09:51:42Z
35,UCM0AhEzSsjf61sJntWDxcEg,The Dating Stories,https://www.youtube.com/channel/UCM0AhEzSsjf61sJntWDxcEg,55200,168,KE,podcast,1jK6b2J7XU8,Ep 103_The Day God Told Me to Walk Away from the Man I Loved - The Dating Stories,https://i.ytimg.com/vi/1jK6b2J7XU8/mqdefault.jpg,2025-10-19T17:00:06Z,3810,2026-01-26T09:51:42Z
36,UCUjUOgVT4yiY4YkhWkVZWJw,Nenyon TV,https://www.youtube.com/channel/UCUjUOgVT4yiY4YkhWkVZWJw,54300,10933,KE,other,DVUn3FWMLUg,"LOGOIYWEKAB EN NENYON TV AK CYNTHIA TERER , KIMII GAA",https://i.ytimg.com/vi/DVUn3FWMLUg/mqdefault_live.jpg,2026-01-26T09:29:39Z,,2026-01-26T09:51:42Z
37,UCmBQsChFjOTcqv7D6sT8dPw,ManTalk Ke,https://www.youtube.com/channel/UCmBQsChFjOTcqv7D6sT8dPw,54200,281,,other,_KkuVRJqDLA,WHAT EVEN WAS THAT YEAR! BOXING DAY SEASON FINALE ,https://i.ytimg.com/vi/_KkuVRJqDLA/mqdefault.jpg,2025-12-26T16:13:16Z,2127,2026-01-26T09:51:42Z
38,UCq9K26KI96tZEQrSomHSjqg,Simy Kenya TV,https://www.youtube.com/channel/UCq9K26KI96tZEQrSomHSjqg,45500,748,,podcast,XEl3z8HinEc,Abong'o Jakabwana - DIGI DIGI is my favorite song & why I composed it like RIDDIM!! #ohangla,https://i.ytimg.com/vi/XEl3z8HinEc/mqdefault.jpg,2025-10-10T16:21:24Z,2850,2026-01-26T09:51:42Z
39,UCEYqAce8R78wNRAkb8wIuVQ,The Sandwich Podcast KE,https://www.youtube.com/channel/UCEYqAce8R78wNRAkb8wIuVQ,42800,223,KE,podcast,uBvpwtvqe10,SANDWICH SUNDAYS With Dj CHIPA || 3 STEP MIX,https://i.ytimg.com/vi/uBvpwtvqe10/mqdefault.jpg,2026-01-18T10:15:06Z,4019,2026-01-26T09:51:42Z
40,UCaezQJtBqkyuNFN8bGmBeMQ,Family Media,https://www.youtube.com/channel/UCaezQJtBqkyuNFN8bGmBeMQ,38500,3115,KE,other,FsAhvEJc98s,Motivation Monday | Rising From The Ashes | 26/1/2026,https://i.ytimg.com/vi/FsAhvEJc98s/mqdefault.jpg,2026-01-26T03:59:06Z,3569,2026-01-26T09:51:42Z
41,UCgrAIOyT2rROw4NRIx3b-Wg,The Kenyan Wall Street,https://www.youtube.com/channel/UCgrAIOyT2rROw4NRIx3b-Wg,37400,427,KE,other,j3lpLHvOORs,Why 95% of Forex Traders Lose Money-Stormzy Mwendwa,https://i.ytimg.com/vi/j3lpLHvOORs/mqdefault.jpg,2026-01-21T14:02:11Z,780,2026-01-26T09:51:42Z
42,UC6AkSvREU3xfhyd2eVi_0vA,Stephanie Ng‚Äôang‚Äôa,https://www.youtube.com/channel/UC6AkSvREU3xfhyd2eVi_0vA,35500,233,KE,other,p4vI1tt9mZc,The Truth About Christmas üéÑ | What We Love & What Annoys us | THE SNS ,https://i.ytimg.com/vi/p4vI1tt9mZc/mqdefault.jpg,2025-12-17T11:11:41Z,2726,2026-01-26T09:51:42Z
43,UCKg6e0Z4v_u3m8DVvTuSU-g,Legally Clueless,https://www.youtube.com/channel/UCKg6e0Z4v_u3m8DVvTuSU-g,27100,760,KE,podcast,OhjCyEyhuSI,Why I Chose to Be Childfree as a Kenyan Man PART 2 | Legally Clueless Ep 362,https://i.ytimg.com/vi/OhjCyEyhuSI/mqdefault.jpg,2026-01-25T16:50:30Z,2213,2026-01-26T09:51:42Z
44,UCquxoW1DZM_FkQbuWhFLcNw,Chizzi Podcast,https://www.youtube.com/channel/UCquxoW1DZM_FkQbuWhFLcNw,25400,676,KE,podcast,aw9sS93AtX0,Salasya Goes After Ndindi Nyoro; Free Education Is Useless!!!,https://i.ytimg.com/vi/aw9sS93AtX0/mqdefault.jpg,2026-01-26T08:08:29Z,1314,2026-01-26T09:51:42Z
45,UCEJxeFWQ7Jm1ERznzqjkaMw,REALTY BORIS,https://www.youtube.com/channel/UCEJxeFWQ7Jm1ERznzqjkaMw,23700,1206,KE,other,YaTLs-QiDmA,"This is what 9 Bedroom KSH 350,000,000 looks like in LAVINGTON | Nairobi KENYA |#property #luxury",https://i.ytimg.com/vi/YaTLs-QiDmA/mqdefault.jpg,2026-01-24T06:46:16Z,1702,2026-01-26T09:51:42Z
46,UCR0SvwY_QW7XrsaCZ_youXg,ZOZA PODCAST,https://www.youtube.com/channel/UCR0SvwY_QW7XrsaCZ_youXg,23300,416,KE,podcast,7cZTmC9k1L8,Kenyan Football Team Update | Latest SPL Transfers | Nyayo Stadium Lights Issue ‚ÄìZozaSportscast Ep92,https://i.ytimg.com/vi/7cZTmC9k1L8/mqdefault.jpg,2026-01-24T17:27:01Z,2389,2026-01-26T09:51:42Z
47,UCx1WDOZzmyIa1MlK1W3RdOg,"It's Related, I Promise",https://www.youtube.com/channel/UCx1WDOZzmyIa1MlK1W3RdOg,22900,51,KE,other,VXgATgY52Bg,Surviving The Gig Economy: Unpacking the ‚Äòone trick pony myth‚Äô with K 1 #STGE ,https://i.ytimg.com/vi/VXgATgY52Bg/mqdefault.jpg,2026-01-16T09:00:33Z,5875,2026-01-26T09:51:42Z
48,UCFBoqaPTCtGJi8kr7pV33Tg,Innit Networks,https://www.youtube.com/channel/UCFBoqaPTCtGJi8kr7pV33Tg,17700,295,KE,other,E5K4klwm2VU,INNIT EAFC TOURNAMENT (FINALS),https://i.ytimg.com/vi/E5K4klwm2VU/mqdefault.jpg,2026-01-11T13:00:35Z,921,2026-01-26T09:51:42Z
49,UCYWWUTwlrj_bB-iDpD_CEIQ,Radio Generation - Kenya,https://www.youtube.com/channel/UCYWWUTwlrj_bB-iDpD_CEIQ,14000,1455,KE,other,Mu51f3QQwjU,Why Many People Would Support The Government To Decriminalize Bhang.,https://i.ytimg.com/vi/Mu51f3QQwjU/mqdefault.jpg,2026-01-24T19:07:04Z,2619,2026-01-26T09:51:42Z
50,UCtkLyqydikBzPxAygmen-Cg,thekisscapadespodcast,https://www.youtube.com/channel/UCtkLyqydikBzPxAygmen-Cg,13600,1692,KE,podcast,JGAPm836aVQ,"The News Guy: From Mainstream Media to Self-Discovery, My Real Life Journey",https://i.ytimg.com/vi/JGAPm836aVQ/mqdefault.jpg,2026-01-26T09:30:06Z,926,2026-01-26T09:51:42Z
51,UCwvwwgcbtlmXwzCWsFTVSog,Raw Politics Kenya,https://www.youtube.com/channel/UCwvwwgcbtlmXwzCWsFTVSog,10700,424,KE,other,lU-sraWcwes,The Genius Move: Why Ruto Wants Mama Ida in the Government,https://i.ytimg.com/vi/lU-sraWcwes/mqdefault.jpg,2026-01-25T15:01:21Z,774,2026-01-26T09:51:42Z
52,UCaUB5LpDS3Rn7o7NGcqGy_Q,The Kisiangani Podcast,https://www.youtube.com/channel/UCaUB5LpDS3Rn7o7NGcqGy_Q,10500,458,KE,podcast,aXeFR2bfDVw,Ken Beda: A Study of Thought [Episode 244],https://i.ytimg.com/vi/aXeFR2bfDVw/mqdefault.jpg,2026-01-23T07:11:52Z,5658,2026-01-26T09:51:42Z
53,UCSp_w_aNlrg8q0oyKx5YEZQ,DMTV KENYA üá∞üá™,https://www.youtube.com/channel/UCSp_w_aNlrg8q0oyKx5YEZQ,6970,4165,KE,other,GeABDQfmeT0,KWISHA! MT KENYA REJECTS RUTO ‚Äî ‚ÄúSHAME! WANTAM IS INEVITABLE!,https://i.ytimg.com/vi/GeABDQfmeT0/mqdefault.jpg,2026-01-25T15:05:37Z,802,2026-01-26T09:51:42Z
54,UCfo5Or9z7-eSbZZfLUpyiVg,Unprepared to Entrepreneur Podcast Kenya,https://www.youtube.com/channel/UCfo5Or9z7-eSbZZfLUpyiVg,6550,34,,podcast,ZANvEuTASj0,How to Scale Your Business Without Breaking It FtJosh Nsimbi,https://i.ytimg.com/vi/ZANvEuTASj0/mqdefault.jpg,2025-10-03T13:00:06Z,4954,2026-01-26T09:51:42Z
55,UCc0aPEt8MS0ZfelNyzws1rg,Kenya Experience,https://www.youtube.com/channel/UCc0aPEt8MS0ZfelNyzws1rg,5780,31,GB,other,cJpfIUBFCyE,Training Like the Kenyans | Young Athlete Kenya Experience Camp üá∞üá™,https://i.ytimg.com/vi/cJpfIUBFCyE/mqdefault.jpg,2025-10-28T15:01:16Z,1073,2026-01-26T09:51:42Z
56,UCLEbibgwOY787d16dXshmbg,Judicial Service Commission of Kenya ,https://www.youtube.com/channel/UCLEbibgwOY787d16dXshmbg,4580,172,KE,other,p7dgRghmJ1g,Hon. Mr. Justice Munyao Sila interview for the position of Judge of The Court of Appeal,https://i.ytimg.com/vi/p7dgRghmJ1g/mqdefault.jpg,2026-01-21T15:46:43Z,4762,2026-01-26T09:51:42Z
57,UCyM_kKYAciCS7-dwb4lgKhA,Walking The Streets Podcast,https://www.youtube.com/channel/UCyM_kKYAciCS7-dwb4lgKhA,4570,108,KE,podcast,AyPgjUQvBKo,WTS EP 109:This year Family First,https://i.ytimg.com/vi/AyPgjUQvBKo/mqdefault.jpg,2026-01-18T10:00:13Z,3273,2026-01-26T09:51:42Z
58,UCSJ_xZynTeSVbOL1-CerrBg,TradersKE,https://www.youtube.com/channel/UCSJ_xZynTeSVbOL1-CerrBg,4120,63,,other,PX5dDEFT1Bg,TRADERSKE SEASON 2:THE COMEBACK,https://i.ytimg.com/vi/PX5dDEFT1Bg/mqdefault.jpg,2026-01-23T12:08:41Z,2410,2026-01-26T09:51:42Z
59,UC_wEpaDe8rpr9Z3zhi81ETQ,The Golden Voice Live ,https://www.youtube.com/channel/UC_wEpaDe8rpr9Z3zhi81ETQ,3500,35,KE,other,WSPqQ9J2kc4,"Purpose, Pain & Becoming Who You‚Äôre Called to Be ‚Äì Chito Ndhlovu & Jeremiah Arege | TGVL",https://i.ytimg.com/vi/WSPqQ9J2kc4/mqdefault.jpg,2025-11-24T15:00:06Z,2187,2026-01-26T09:51:42Z
60,UCIXHS6d9cJr-1THmo4cm65Q,BEYOND THE SEAT WITH AYUMA ,https://www.youtube.com/channel/UCIXHS6d9cJr-1THmo4cm65Q,3470,34,KE,podcast,dA7X-LLpiBQ,Spirited Conversations Behind Luxury Spirit Brands | Sharon Wangari.,https://i.ytimg.com/vi/dA7X-LLpiBQ/mqdefault.jpg,2025-11-30T09:00:57Z,2507,2026-01-26T09:51:42Z
61,UCz0PR5q6nTnv0yuCOnbbj3w,Nairobi Gold Rush,https://www.youtube.com/channel/UCz0PR5q6nTnv0yuCOnbbj3w,3360,145,US,other,jhg6PccIYnU,Spicing Up Kenya: Anne Kibe & Freddy Hirsch‚Äôs Nyama Choma Magic,https://i.ytimg.com/vi/jhg6PccIYnU/mqdefault.jpg,2025-11-19T18:47:17Z,1833,2026-01-26T09:51:42Z
62,UC_a9i-0EFLOr593WDitJGRg,"A.I.C Milimani, Nairobi KE - Main Account",https://www.youtube.com/channel/UC_a9i-0EFLOr593WDitJGRg,3260,642,KE,other,WtqpjGKys_4,Sunday Second Service  | AIC Milimani - Nairobi KE | 25th Jan 2026,https://i.ytimg.com/vi/WtqpjGKys_4/mqdefault.jpg,2026-01-25T22:46:51Z,3052,2026-01-26T09:51:42Z
63,UCPqcDRd1ppPXkPq_USy32bg,The 30 Percent Pod,https://www.youtube.com/channel/UCPqcDRd1ppPXkPq_USy32bg,3240,196,,podcast,EOiWtdZ6pjY,The 30 Percent Podcast Episode 165 | Vitamin O,https://i.ytimg.com/vi/EOiWtdZ6pjY/mqdefault.jpg,2026-01-22T09:00:06Z,3479,2026-01-26T09:51:42Z
64,UC4H1gPF27EbUF_SzZ4WCLSA,Lioness SaySo Talkshow,https://www.youtube.com/channel/UC4H1gPF27EbUF_SzZ4WCLSA,2770,463,,podcast,yd_cDjPGw1I,ManaShark - Swimming To Success - Season 45 - Episode Nine,https://i.ytimg.com/vi/yd_cDjPGw1I/mqdefault.jpg,2026-01-25T18:29:02Z,921,2026-01-26T09:51:42Z
65,UCuZTHA5RaqiVrnCYmOOv0sQ,BTP Studios Kenya,https://www.youtube.com/channel/UCuZTHA5RaqiVrnCYmOOv0sQ,2570,200,KE,podcast,3yQinK2Rg58,THE SIREN: WHY THEY MAKE STRONG MEN WEAK- EPISODE 03,https://i.ytimg.com/vi/3yQinK2Rg58/mqdefault.jpg,2026-01-23T14:00:06Z,5436,2026-01-26T09:51:42Z
66,UCvlFa8WlZMMpbk5HmqZ0Gzg,Two Nilotes In A Pod,https://www.youtube.com/channel/UCvlFa8WlZMMpbk5HmqZ0Gzg,2460,97,,podcast,bwiU6j55EOI,2NIP57 We Might As Well Make Drinking Productive: Engage A Nilote Mutinda of Drunken Lectures,https://i.ytimg.com/vi/bwiU6j55EOI/mqdefault.jpg,2025-12-31T06:30:26Z,1396,2026-01-26T09:51:42Z
67,UCGGEWFyd9HJfZcGetEcyiqg,Kenya The Talking Parrot ,https://www.youtube.com/channel/UCGGEWFyd9HJfZcGetEcyiqg,2400,309,US,other,nsOh1sOQqro,Talking parrot kenya & Cheenah outside on tree perch having fun in Florida,https://i.ytimg.com/vi/nsOh1sOQqro/mqdefault.jpg,2026-01-22T10:05:18Z,1748,2026-01-26T09:51:42Z
68,UCtTR37Xeev6p9pj4EG8gX3Q,Talkchat Podcast: Which Way 2027?,https://www.youtube.com/channel/UCtTR37Xeev6p9pj4EG8gX3Q,2260,264,KE,podcast,448oullno5Y,Youth 47: Eric Omondi‚Äôs Bold Political Gamble,https://i.ytimg.com/vi/448oullno5Y/mqdefault.jpg,2026-01-21T16:00:06Z,1398,2026-01-26T09:51:42Z
69,UCOdBdIQ7m6_RDzxkb9aZKwg,Truly Kenya,https://www.youtube.com/channel/UCOdBdIQ7m6_RDzxkb9aZKwg,1980,31,US,podcast,JyEX4UI79Hc,"S2/EP18 Walter Mendez Fashion Designer to Beyonc√©, Jlo, Mariah Carey and many others",https://i.ytimg.com/vi/JyEX4UI79Hc/mqdefault.jpg,2023-12-06T20:21:48Z,2680,2026-01-26T09:51:42Z
70,UCG0t7yZH2JnXVxRX1cJPSRA,Hot and juicy podcast ,https://www.youtube.com/channel/UCG0t7yZH2JnXVxRX1cJPSRA,1860,139,QA,podcast,qarkfxrlkAc,ANDREW KIBE‚ÄôS MESSAGE TO GEOFFREY MOSIRIA | JAMES OPANDE COURT CASE | HOT AND JUICY PODCAST ,https://i.ytimg.com/vi/qarkfxrlkAc/mqdefault.jpg,2026-01-23T05:28:17Z,997,2026-01-26T09:51:42Z
71,UCKiTp-tq2d06fBSVnlKuhKg,The Boys in blue podcast  kenya ,https://www.youtube.com/channel/UCKiTp-tq2d06fBSVnlKuhKg,1600,18,KE,podcast,tCBBEGnOOVc,The boys in blue podcast Episode 3| 254|Nairobi Youth talks (SUBSCRIBE),https://i.ytimg.com/vi/tCBBEGnOOVc/mqdefault.jpg,2025-11-25T11:01:45Z,922,2026-01-26T09:51:42Z
72,UCP8-q_PyC0efY_ZU229qFNQ,Radio44 Kenya,https://www.youtube.com/channel/UCP8-q_PyC0efY_ZU229qFNQ,1470,205,,other,G8I1FOWidYg,FIA Indian F4 Champion Shane Chandaria & Vic Preston Award Winner Aahyl Shah on Kenya‚Äôs Racing Rise,https://i.ytimg.com/vi/G8I1FOWidYg/mqdefault.jpg,2025-12-18T07:38:14Z,870,2026-01-26T09:51:42Z
73,UCGfK7dA15EGUH3ly96wCrnw,The Naomi Talk show with Liz kinyua.,https://www.youtube.com/channel/UCGfK7dA15EGUH3ly96wCrnw,1460,321,KE,podcast,JlV3dJCffZo,Simple tips to boast your toddler‚Äôs emotional security and strengthen daily connections.,https://i.ytimg.com/vi/JlV3dJCffZo/mqdefault.jpg,2025-11-21T16:00:06Z,2411,2026-01-26T09:51:42Z
74,UClPl-fsL4xeuqUM2EBHmW1A,Surviving Nairobi,https://www.youtube.com/channel/UClPl-fsL4xeuqUM2EBHmW1A,1380,40,,other,cJjjCTyF8TM,Season 6 Episode 1: Rice In The Club Featuring Olave Orawo,https://i.ytimg.com/vi/cJjjCTyF8TM/mqdefault.jpg,2022-05-24T11:21:01Z,2843,2026-01-26T09:51:42Z
75,UC2Vb43WlkChi82mDI6IXWXQ,The RoundTable Podcast üéô,https://www.youtube.com/channel/UC2Vb43WlkChi82mDI6IXWXQ,970,35,,podcast,_bpDu0zhSqQ,ODM Family Feud,https://i.ytimg.com/vi/_bpDu0zhSqQ/mqdefault.jpg,2026-01-25T17:16:04Z,,2026-01-26T09:51:42Z
76,UC8_mQivSbUS6yqLB4Tv-UYg,Podcastish Kenya,https://www.youtube.com/channel/UC8_mQivSbUS6yqLB4Tv-UYg,954,87,KE,other,LQUwp-2V6Ic,"Life is So Private...Avacado Price,Christian Club,Babaa | PodcastIsh sn06 Ep07",https://i.ytimg.com/vi/LQUwp-2V6Ic/mqdefault.jpg,2025-10-27T16:00:06Z,4027,2026-01-26T09:51:42Z
77,UCum5Ggsd4uv0qRkAMCBDJZw,MaForeign Podcast,https://www.youtube.com/channel/UCum5Ggsd4uv0qRkAMCBDJZw,918,206,KE,podcast,EptlkwmTpS4,SUITCASES FULL OF UGALI! EP 103 MA-FOREIGN PODCAST | KENYAN DIASPORA STORIES,https://i.ytimg.com/vi/EptlkwmTpS4/mqdefault.jpg,2025-12-12T15:00:06Z,3687,2026-01-26T09:51:42Z
78,UCrMXLjFgSqz5Hc5fXzTeLFw,Liberating Minds Podcast,https://www.youtube.com/channel/UCrMXLjFgSqz5Hc5fXzTeLFw,863,94,KE,podcast,g3PC2gW2gUI,Ep 22. Mathare ‚Äî Urban Bastion of the Struggle Against Oppression in Kenya,https://i.ytimg.com/vi/g3PC2gW2gUI/mqdefault.jpg,2025-08-08T08:10:10Z,3144,2026-01-26T09:51:42Z
79,UCdvkru5YIysg1Jqmd2yUA0Q,Adulting In Generations Podcast,https://www.youtube.com/channel/UCdvkru5YIysg1Jqmd2yUA0Q,845,225,KE,podcast,gNrjVN-Uing,"SN9EP5|""Love üíï&  Money ü§ë: Building Wealth Together‚Äù",https://i.ytimg.com/vi/gNrjVN-Uing/mqdefault.jpg,2025-04-18T07:00:06Z,2326,2026-01-26T09:51:42Z
80,UCRurWvtzp-DSZbL2qgjxFdg,Panel54 Podcast,https://www.youtube.com/channel/UCRurWvtzp-DSZbL2qgjxFdg,836,55,,podcast,hYpmsMlqRI0,H.E.  Ambassador Hiroshi Matsuura: Japan and Africa,https://i.ytimg.com/vi/hYpmsMlqRI0/mqdefault.jpg,2025-12-13T03:58:14Z,2656,2026-01-26T09:51:42Z
81,UC2Jvir-qN9jiU-Z0nb9qjxw,The Platform KE,https://www.youtube.com/channel/UC2Jvir-qN9jiU-Z0nb9qjxw,789,58,,other,S9dJVvx7U-A,Classic 105 FM Live Radio Kenya Maina & Mwalimu King'ang'i,https://i.ytimg.com/vi/S9dJVvx7U-A/mqdefault_live.jpg,2025-10-02T11:15:21Z,,2026-01-26T09:51:42Z
82,UCNo-ex-Lvy546IHafbCO_kw,Nairobi Sisterhood,https://www.youtube.com/channel/UCNo-ex-Lvy546IHafbCO_kw,788,72,KE,podcast,1z7ewmwAQp4,Things we no longer believe in | Relationship Edition - Sn 3 | Ep 6,https://i.ytimg.com/vi/1z7ewmwAQp4/mqdefault.jpg,2024-11-15T19:43:45Z,2725,2026-01-26T09:51:42Z
83,UCpBkES9MwTkHys6m2ALHsjg,The Kisumu Street Talk Show,https://www.youtube.com/channel/UCpBkES9MwTkHys6m2ALHsjg,764,40,,podcast,91HFtw0folI,A CONVERSATION ON YOUTH ADVOCACY & REPRODUCTIVE HEALTH WITH KMET.,https://i.ytimg.com/vi/91HFtw0folI/mqdefault.jpg,2022-09-11T16:17:13Z,1794,2026-01-26T09:51:42Z
84,UCypFIWz7374bTaI3CEqy29w,Anonymous podcast ,https://www.youtube.com/channel/UCypFIWz7374bTaI3CEqy29w,680,340,,podcast,xsX7T7Lh3cw,"The anonymous podcast ep 120(2): Navigating heartbreaks ,love ,music with Nimziki",https://i.ytimg.com/vi/xsX7T7Lh3cw/mqdefault.jpg,2026-01-15T07:00:11Z,1833,2026-01-26T09:51:42Z
85,UCCLU0mbHY0YlckLI9CAZJHw,Watalii podcast,https://www.youtube.com/channel/UCCLU0mbHY0YlckLI9CAZJHw,607,48,KE,podcast,Uw3Z36dahTM,Episode 17 || THE KENYAN CREATIVE WAVE.,https://i.ytimg.com/vi/Uw3Z36dahTM/mqdefault.jpg,2026-01-24T05:17:22Z,3100,2026-01-26T09:51:42Z
86,UCFJd14bFWLiYrKHyKwemLsA,EHS Unplugged Podcast,https://www.youtube.com/channel/UCFJd14bFWLiYrKHyKwemLsA,596,76,KE,podcast,8sZDHqoNx88,SN 4: EP 2: Embracing Neurodiversity in the Workplace,https://i.ytimg.com/vi/8sZDHqoNx88/mqdefault.jpg,2026-01-08T19:52:16Z,3601,2026-01-26T09:51:42Z
87,UC1opVgOIPpOiHcZu1kG2jFg,The Real 20-Somethings Podcast,https://www.youtube.com/channel/UC1opVgOIPpOiHcZu1kG2jFg,569,43,KE,podcast,Q_Xf_KIpAHE,Why Christmas Feels Different Now (& Was Jesus Actually Born on Dec 25th?) | Sn2Ep1,https://i.ytimg.com/vi/Q_Xf_KIpAHE/mqdefault.jpg,2025-11-29T04:00:06Z,2564,2026-01-26T09:51:42Z
88,UCpPEe4HGtZoIuK73rMBIX2g,Mic Check wid Mohit Sinha,https://www.youtube.com/channel/UCpPEe4HGtZoIuK73rMBIX2g,523,55,IN,podcast,cYmAD66tOj4,Mic check wid Mohit sinha ( Episode 8 CAT NOIR),https://i.ytimg.com/vi/cYmAD66tOj4/mqdefault.jpg,2026-01-18T10:34:47Z,894,2026-01-26T09:51:42Z
89,UC_Z62_Gelo8eoWVAY-Tvlwg,KENYAN PODCAST SHOW,https://www.youtube.com/channel/UC_Z62_Gelo8eoWVAY-Tvlwg,486,3,KE,podcast,_TGRiJEdTlU,SIO JABA PODCAST SHOW Live Stream,https://i.ytimg.com/vi/_TGRiJEdTlU/mqdefault_live.jpg,2024-12-06T07:18:06Z,,2026-01-26T09:51:42Z
90,UCM1eHYPv9-OdjmMiridAi-Q,BAADA YA SUMMIT PODCAST,https://www.youtube.com/channel/UCM1eHYPv9-OdjmMiridAi-Q,448,19,KE,podcast,EKlOHAFEjh8,"EP. 18 - James Muhia (Climbing MANASLU, the 8th Highest Mountain in the World)",https://i.ytimg.com/vi/EKlOHAFEjh8/mqdefault.jpg,2024-01-01T08:47:45Z,7928,2026-01-26T09:51:42Z
91,UCt3O9c9h1HvVWYXMPHmmdTg,013 PODCAST KENYA,https://www.youtube.com/channel/UCt3O9c9h1HvVWYXMPHmmdTg,392,41,,podcast,sPC4HNbRZ1U,013 Podcast Episode 17  FAKE RELATIONSHIPS,https://i.ytimg.com/vi/sPC4HNbRZ1U/mqdefault.jpg,2025-04-23T17:09:43Z,1786,2026-01-26T09:51:42Z
92,UCJnDcaiU2ys7qM8kFAUOuJw,Sisters in Law Podcast,https://www.youtube.com/channel/UCJnDcaiU2ys7qM8kFAUOuJw,354,42,KE,podcast,lSZnKIexl0A,Work Injury Benefits Explained: What Every Employee Should Know #legaleducation,https://i.ytimg.com/vi/lSZnKIexl0A/mqdefault.jpg,2026-01-21T09:22:12Z,837,2026-01-26T09:51:42Z
93,UCYcynN2gZOjVEUrQEissJEw,The Kenyan Life Podcast,https://www.youtube.com/channel/UCYcynN2gZOjVEUrQEissJEw,332,33,,podcast,0CUxuyNp2n4,Qwani: A Kenyan Writers' Paradise | TKLP Season 1: Episode 33,https://i.ytimg.com/vi/0CUxuyNp2n4/mqdefault.jpg,2026-01-25T16:00:21Z,1576,2026-01-26T09:51:42Z
94,UCr6lRblW1RhDfr1OiVopfCg,FLEEK PODCAST KENYA ,https://www.youtube.com/channel/UCr6lRblW1RhDfr1OiVopfCg,330,28,,podcast,1rwRdfJRFTQ,"Why I Left Church _ Still Believe in God, Stopped Believing in Church | A Personal Journey #fleekpod",https://i.ytimg.com/vi/1rwRdfJRFTQ/mqdefault.jpg,2025-12-08T07:20:46Z,4376,2026-01-26T09:51:42Z
95,UCfn3M-wMNvmr1TETPmKcpjg,Hoodtalk Podcast,https://www.youtube.com/channel/UCfn3M-wMNvmr1TETPmKcpjg,320,19,,podcast,KGNJvBn1DDM,James Opande Trending Clip with a Lady in Club | Our POV. Episode 16,https://i.ytimg.com/vi/KGNJvBn1DDM/mqdefault.jpg,2026-01-20T06:06:35Z,730,2026-01-26T09:51:42Z
96,UCZROVnJojNcgA6QkSn667fg,The Nextgen Podcast,https://www.youtube.com/channel/UCZROVnJojNcgA6QkSn667fg,276,11,KE,podcast,7ZAw_9VKaiU,"Episode 08:""Kanairo""",https://i.ytimg.com/vi/7ZAw_9VKaiU/mqdefault.jpg,2025-04-30T17:30:06Z,1952,2026-01-26T09:51:42Z
97,UCdTl3OaWU7bQZdMj9a6Kp5Q,Tuff Podcast Kenya,https://www.youtube.com/channel/UCdTl3OaWU7bQZdMj9a6Kp5Q,272,78,,podcast,TyPizgUEcdQ,""" UNFILTERED CONVERSATIONS"" with @raewambia  | - TuffpodcastKenya | EP.15",https://i.ytimg.com/vi/TyPizgUEcdQ/mqdefault.jpg,2023-12-02T09:19:43Z,2022,2026-01-26T09:51:42Z
98,UCrkKRmxD0li0y9HjPb1xWMA,UpSyd Clips,https://www.youtube.com/channel/UCrkKRmxD0li0y9HjPb1xWMA,257,4,KE,other,Bfli4TwMFGI,"FLAQO on public break ups, repossessing car after break up, relationships | MIC CHEQUE PODCAST",https://i.ytimg.com/vi/Bfli4TwMFGI/mqdefault.jpg,2025-08-24T10:32:28Z,1295,2026-01-26T09:51:42Z
99,UCpkWCNM_dwuxAScYCbrYGWA,The Tufunzeni Podcast,https://www.youtube.com/channel/UCpkWCNM_dwuxAScYCbrYGWA,230,7,,podcast,wRoUe8iAvXo,Teacher Wellness: Beating Burnout & Prioritising Self-Care in Education,https://i.ytimg.com/vi/wRoUe8iAvXo/mqdefault.jpg,2025-12-27T09:00:06Z,2383,2026-01-26T09:51:42Z
100,UCVE5ZQ9R34FUif1-8-pt7Gw,On A Friday Podcast,https://www.youtube.com/channel/UCVE5ZQ9R34FUif1-8-pt7Gw,228,58,KE,podcast,33JMafNbzMw,#40 No One Loves You Better,https://i.ytimg.com/vi/33JMafNbzMw/mqdefault.jpg,2025-10-31T16:30:04Z,2874,2026-01-26T09:51:42Z
101,UCKF4RCmR4WQoVzzvjG71k5Q,The What Even Podcast,https://www.youtube.com/channel/UCKF4RCmR4WQoVzzvjG71k5Q,201,72,KE,podcast,y6qr3wYWp00,The Worst Day of His Life Made Him a DJ,https://i.ytimg.com/vi/y6qr3wYWp00/mqdefault.jpg,2026-01-25T06:24:05Z,3166,2026-01-26T09:51:42Z
102,UCv5e_tN4P44ipm01Tf_j4Cw,Unfiltered_Kenya,https://www.youtube.com/channel/UCv5e_tN4P44ipm01Tf_j4Cw,199,20,,other,HCjgIS7KlXA,UNFILTERED_KE: 'Meet The Girls' - EXCLUSIVE BEHIND THE SCENES,https://i.ytimg.com/vi/HCjgIS7KlXA/mqdefault.jpg,2017-05-07T13:30:51Z,762,2026-01-26T09:51:42Z
103,UCY9Yh1RrnfdlH0np724DWaA,Words on Wellness with KenyanPoet,https://www.youtube.com/channel/UCY9Yh1RrnfdlH0np724DWaA,194,34,,podcast,TLUqJpdpq8M,"Joyce Kibe on Fitness, Marketing and the StanChart Nairobi Marathon",https://i.ytimg.com/vi/TLUqJpdpq8M/mqdefault.jpg,2025-09-29T14:31:18Z,2789,2026-01-26T09:51:42Z
104,UCPXjfklySf9QxPD4NI-VSeg,Tech Magazine Kenya,https://www.youtube.com/channel/UCPXjfklySf9QxPD4NI-VSeg,178,13,,other,oajyb0_LHno,TECH MAGAZINE SHOW EP 5 - PART 2 - TECH TALK,https://i.ytimg.com/vi/oajyb0_LHno/mqdefault.jpg,2021-11-11T10:00:06Z,1405,2026-01-26T09:51:42Z
105,UCEioZNJoAjcycW-0I-eMnUg,Point 254 Podcast,https://www.youtube.com/channel/UCEioZNJoAjcycW-0I-eMnUg,174,16,KE,podcast,g29xDQFq2hU,"Point 254 Podcast: Episode 8 with Njahira Wangari, Disability Inclusion Expert",https://i.ytimg.com/vi/g29xDQFq2hU/mqdefault.jpg,2024-12-24T09:10:12Z,2257,2026-01-26T09:51:42Z
106,UCCU6P2ZLubIq5iHWml3wOVA,MaYouth Kenya (Podcast),https://www.youtube.com/channel/UCCU6P2ZLubIq5iHWml3wOVA,145,11,KE,podcast,bJRApsIJKow,MAYOUTH PODCAST #9 IDENTITY,https://i.ytimg.com/vi/bJRApsIJKow/mqdefault.jpg,2023-02-26T15:30:10Z,2081,2026-01-26T09:51:42Z
107,UC_JXNZ74vEqZere1sAkiicA,The Kenyan podcast,https://www.youtube.com/channel/UC_JXNZ74vEqZere1sAkiicA,144,21,KE,podcast,BN27yDaRrYg,THE KENYAN PODCAST Live!,https://i.ytimg.com/vi/BN27yDaRrYg/mqdefault.jpg,2024-07-06T01:33:21Z,4401,2026-01-26T09:51:42Z
108,UCliO7IBZRnQ7Y77gfsH6jMg,The Gen Z CEO Podcast,https://www.youtube.com/channel/UCliO7IBZRnQ7Y77gfsH6jMg,144,8,KE,podcast,zt1RNHE488E,"Inside Kenya‚Äôs New Crypto Era: VASP Bill, Trust & the Future of Digital Money",https://i.ytimg.com/vi/zt1RNHE488E/mqdefault.jpg,2025-12-18T14:30:06Z,2590,2026-01-26T09:51:42Z
109,UCHdOgz_mpuoOdImxuREIwCQ,TRUE KENYAN FLAVOUR PODCAST,https://www.youtube.com/channel/UCHdOgz_mpuoOdImxuREIwCQ,129,8,,podcast,1tqGZuwPmv4,WHO RUNS THE REAL WOLRD TODAY THE BOOK SMART OR THE STREET SMART ?DEGREE AMA SKILLS ???üî•üî•üî•üî•,https://i.ytimg.com/vi/1tqGZuwPmv4/mqdefault.jpg,2025-12-18T05:03:06Z,3612,2026-01-26T09:51:42Z
110,UCcSOIuM0lWRvN_P6TcKJD2A,Hash Out,https://www.youtube.com/channel/UCcSOIuM0lWRvN_P6TcKJD2A,117,41,KE,podcast,DuNQfpk7-qc,Beach Camping| New Friends| Summertides 2025,https://i.ytimg.com/vi/DuNQfpk7-qc/mqdefault.jpg,2025-07-13T19:00:08Z,1588,2026-01-26T09:51:42Z
111,UCFMma0gjV8KxytlX8Pijn7g,GENZ talk show  Kenya ,https://www.youtube.com/channel/UCFMma0gjV8KxytlX8Pijn7g,112,23,,podcast,NveMJ8YDwVQ,Leadership and empowerment 2,https://i.ytimg.com/vi/NveMJ8YDwVQ/mqdefault.jpg,2025-06-30T12:42:41Z,1355,2026-01-26T09:51:42Z
112,UCXfMr41s8MSPLczAimB-c7w,Young Mindset Podcast,https://www.youtube.com/channel/UCXfMr41s8MSPLczAimB-c7w,111,10,,podcast,k0uONVA994g,PRAYER COMMITTEE FOR POLICE DEPARTING TO HAITI||THE TRANSPORT SECTOR MENACE,https://i.ytimg.com/vi/k0uONVA994g/mqdefault.jpg,2024-04-04T15:26:05Z,2346,2026-01-26T09:51:42Z
113,UC9SnsF4x-VJgByNSRLp7nBQ,The High Talk Kenya,https://www.youtube.com/channel/UC9SnsF4x-VJgByNSRLp7nBQ,104,3,,other,IrlXhGmhWVc,"Episode 1 : Reasons, Effects & Solutions of not being outspoken in a relationship.",https://i.ytimg.com/vi/IrlXhGmhWVc/mqdefault.jpg,2022-04-25T10:08:13Z,1572,2026-01-26T09:51:42Z
114,UCxrnuPpbDqF-xfhxETgOXZw,Galaxy Podcast Kenya,https://www.youtube.com/channel/UCxrnuPpbDqF-xfhxETgOXZw,102,10,,podcast,966p3SLjzN0,GALAXY PODCAST SN1 EP 9 ( VISUAL ARTISTRY  &  MAKE UP ),https://i.ytimg.com/vi/966p3SLjzN0/mqdefault.jpg,2020-03-04T15:54:01Z,893,2026-01-26T09:51:42Z
115,UCaJMwDYQlvU_lL9Yl8ek8UQ,The Diversified ke Podcast,https://www.youtube.com/channel/UCaJMwDYQlvU_lL9Yl8ek8UQ,97,9,KE,podcast,XWcIygCl8DY,Beyond the Individual: A Systemic Approach at Alcohol  Consumption and Sobriety,https://i.ytimg.com/vi/XWcIygCl8DY/mqdefault.jpg,2025-12-20T19:45:18Z,1872,2026-01-26T09:51:42Z
116,UCG4alNwXXPfiJzOfYv0oe2A,NOW WHAT? Kenyan Podcast ,https://www.youtube.com/channel/UCG4alNwXXPfiJzOfYv0oe2A,89,15,,podcast,bQ5S4t6oCr0,Soft Life vs Hard Work: Peace or Pressure?,https://i.ytimg.com/vi/bQ5S4t6oCr0/mqdefault.jpg,2025-12-20T18:03:09Z,1034,2026-01-26T09:51:42Z
117,UCUOnQfqvGHF7lh5JD5sZ2Cg,Elders Podcast,https://www.youtube.com/channel/UCUOnQfqvGHF7lh5JD5sZ2Cg,78,26,KE,podcast,VtDU9gHyr2k,Maendeleo Ya Wanawake's Legacy in the History of Kenya‚Äôs Women‚Äôs Movement with Mereso Agina.,https://i.ytimg.com/vi/VtDU9gHyr2k/mqdefault.jpg,2026-01-06T09:11:51Z,4336,2026-01-26T09:51:42Z
118,UCIUGRCXtAJzhYN1urA2-nnQ,CelebScope,https://www.youtube.com/channel/UCIUGRCXtAJzhYN1urA2-nnQ,67,15,KE,other,qPen76PGtls,Mwafreeka x Raptcha BEEF üí• Is Iko Nini Weekend Update Over?,https://i.ytimg.com/vi/qPen76PGtls/mqdefault.jpg,2025-10-01T17:01:16Z,702,2026-01-26T09:51:42Z
119,UC-VZ5KXKAE_57S_R7pthglw,Inside Scoop podcast KE,https://www.youtube.com/channel/UC-VZ5KXKAE_57S_R7pthglw,61,5,KE,podcast,QFx6cU4dhF0,Suicide Prevention Month,https://i.ytimg.com/vi/QFx6cU4dhF0/mqdefault.jpg,2025-09-22T12:07:01Z,2355,2026-01-26T09:51:42Z
120,UCojbm7CcNaT8QKImWVISTDA,PRINCENOEL_TRENDS,https://www.youtube.com/channel/UCojbm7CcNaT8QKImWVISTDA,54,27,KE,other,H5kYEmIE8QI,Inside the killing of Ida Odinga s bodyguard | @ntvkenyaonline | MUDER CASE FILES | 2MVIEWS,https://i.ytimg.com/vi/H5kYEmIE8QI/mqdefault.jpg,2025-07-12T14:05:41Z,2145,2026-01-26T09:51:42Z
121,UCxzzF9rDIKJBQFTO5L5Sq9g,Kenyan Drive Show by VDJ JONES,https://www.youtube.com/channel/UCxzzF9rDIKJBQFTO5L5Sq9g,49,112,KE,podcast,WmhC92Yaoo0,Nilikaa miaka tano bila kuona fallopian tube |OG Papa Jones| Kenyan Drive Show | VDJ Jones,https://i.ytimg.com/vi/WmhC92Yaoo0/mqdefault.jpg,2026-01-26T08:00:29Z,2554,2026-01-26T09:51:42Z
122,UC7JDXnv4ZHhFZ5XsBnf9evA,MG100 KENYA,https://www.youtube.com/channel/UC7JDXnv4ZHhFZ5XsBnf9evA,43,11,,other,J4FjHQjwkAk,PLEAD II LAUNCH LIVE STREAM,https://i.ytimg.com/vi/J4FjHQjwkAk/mqdefault.jpg,2023-05-10T20:29:11Z,26527,2026-01-26T09:51:42Z
123,UChKV1lwcEOON6Sdc7v0gqMg,Nairobi Teacher & Family Podcast,https://www.youtube.com/channel/UChKV1lwcEOON6Sdc7v0gqMg,40,2,,podcast,q8IxL-M7Zuo,Our First Family Video On YouTube | Deep Shocking Secrets Revealed üò≥,https://i.ytimg.com/vi/q8IxL-M7Zuo/mqdefault.jpg,2025-01-18T22:36:08Z,1715,2026-01-26T09:51:42Z
124,UCYi4QdrP-vPkbJ2rN0Pb35g,Kenyan Love Talks & Advice podcast,https://www.youtube.com/channel/UCYi4QdrP-vPkbJ2rN0Pb35g,33,9,KE,podcast,f_pa70d52l0,Would you smash if your girl still has her ex‚Äôs name tattooed? üëÄüî•,https://i.ytimg.com/vi/f_pa70d52l0/mqdefault.jpg,2025-06-21T10:00:06Z,1134,2026-01-26T09:51:42Z
125,UCQFja3n1zr4YqVVDUOTw8pQ,Let‚Äôs Talk About It! With Kenya,https://www.youtube.com/channel/UCQFja3n1zr4YqVVDUOTw8pQ,33,2,,other,0__nnikq7Mc,Episode 1,https://i.ytimg.com/vi/0__nnikq7Mc/mqdefault.jpg,2019-12-05T04:29:39Z,900,2026-01-26T09:51:42Z
126,UCd-ySVrUYn4q3P2BduCoQ_Q,BEING KENYAN PODCAST,https://www.youtube.com/channel/UCd-ySVrUYn4q3P2BduCoQ_Q,24,5,,podcast,1goSodCZzy4,live scenes right now from Nairobi Kenya @NTV Kenya,https://i.ytimg.com/vi/1goSodCZzy4/mqdefault.jpg,2023-03-20T12:56:04Z,4102,2026-01-26T09:51:42Z
127,UC-KhQkCyDkfnXWvk2ftLS8w,Nairobi Podcast Studio.,https://www.youtube.com/channel/UC-KhQkCyDkfnXWvk2ftLS8w,22,3,KE,podcast,nwnz8nNPSgc,"Youth Politics on SHOTS NA SHARKY podcast, EPISODE 2",https://i.ytimg.com/vi/nwnz8nNPSgc/mqdefault.jpg,2025-04-01T11:56:16Z,3597,2026-01-26T09:51:42Z
128,UCFXphqedTzlEtbdTBJcz_Pg,Amped Studios,https://www.youtube.com/channel/UCFXphqedTzlEtbdTBJcz_Pg,20,12,,podcast,ShPpQbMiTK4,Episode 12: Rada?,https://i.ytimg.com/vi/ShPpQbMiTK4/mqdefault.jpg,2020-06-27T03:21:57Z,5740,2026-01-26T09:51:42Z
129,UCwGBF4-qaUOlix0-7gJgXZA,Woman Kenya Network,https://www.youtube.com/channel/UCwGBF4-qaUOlix0-7gJgXZA,20,9,,podcast,PBu6mx0jsac,The inspiring story of Sarah Kabu: From poverty to success,https://i.ytimg.com/vi/PBu6mx0jsac/mqdefault.jpg,2025-02-25T12:33:29Z,3209,2026-01-26T09:51:42Z
130,UCgpIl6p9PVuQaR9rtw2EC-g,The Statement,https://www.youtube.com/channel/UCgpIl6p9PVuQaR9rtw2EC-g,13,9,KE,podcast,hIG2WgHTV3E,"EP 09: Sharon Obara speaks of her accomplishments, exit plan as Miss World Kenya 2021 #TheStatement",https://i.ytimg.com/vi/hIG2WgHTV3E/mqdefault.jpg,2022-10-26T00:55:43Z,1245,2026-01-26T09:51:42Z
131,UCWyvW8Hzp6j4acsUtVx4o0g,ON THE TABLE PODCAST KENYA,https://www.youtube.com/channel/UCWyvW8Hzp6j4acsUtVx4o0g,10,3,KE,podcast,vmdht4c33oo,HOW TO OVERCOME DEPRESSION  |  EPISODE 2 PART B  |  ON THE TABLE PODCAST KENYA  |,https://i.ytimg.com/vi/vmdht4c33oo/mqdefault.jpg,2022-01-28T09:17:17Z,1086,2026-01-26T09:51:42Z
132,UCCiNVrIvphH-VnvPgUMLymw,STV KENYA ,https://www.youtube.com/channel/UCCiNVrIvphH-VnvPgUMLymw,8,16,,other,mt0kuA_0nvY,JICHO PEVU LA MAANDAMANO KENYA,https://i.ytimg.com/vi/mt0kuA_0nvY/mqdefault.jpg,2025-07-01T12:40:24Z,1297,2026-01-26T09:51:42Z
133,UC3J1ZFlgZr1xus3dwnoYsJw,REAL TALK NAIROBI,https://www.youtube.com/channel/UC3J1ZFlgZr1xus3dwnoYsJw,7,2,IE,podcast,VirLNesFt5w,"WHO WINS IT FOR NAIROBI NYAKERA ,BABU OWINO ,OR MIGUNA MIGUNA",https://i.ytimg.com/vi/VirLNesFt5w/mqdefault.jpg,2025-12-02T23:45:02Z,2437,2026-01-26T09:51:42Z
134,UC1EjaioBjTALu0aKu9O1Bjw,UNSOLICITED REACTION PODCAST,https://www.youtube.com/channel/UC1EjaioBjTALu0aKu9O1Bjw,3,70,KE,podcast,0tdutWGl-3c,IS THE US FINALLY FALLING APART ?,https://i.ytimg.com/vi/0tdutWGl-3c/mqdefault.jpg,2026-01-19T21:00:01Z,2503,2026-01-26T09:51:42Z
135,UCFZ6hHWKXv_PSA6F2EA0QcQ,The Nairobi Podcast,https://www.youtube.com/channel/UCFZ6hHWKXv_PSA6F2EA0QcQ,3,1,,podcast,2ZBWkl7a9R8,The Nairobi Podcast | Episode One - Strangers Should Check in on Strangers,https://i.ytimg.com/vi/2ZBWkl7a9R8/mqdefault.jpg,2022-05-13T21:21:28Z,1039,2026-01-26T09:51:42Z
